{
  "PUBLIC_KEY": "ed01207233bfc89dcbd68c19fde6ce6158225298ec1131b6a130d1aeb454c1ab5183c0",
  "PRIVATE_KEY": {
    "digest_function": "ed25519",
    "payload": "9ac47abf59b356e0bd7dcbbbb4dec080e302156a48ca907e47cb6aea1d32719e7233bfc89dcbd68c19fde6ce6158225298ec1131b6a130d1aeb454c1ab5183c0"
  },
  "ACCOUNT_ID": "alice@wonderland",
  "BASIC_AUTH": {
    "web_login": "mad_hatter",
    "password": "ilovetea"
  },
  "TORII_API_URL": "http://200.17.87.161:8080",
  "TORII_TELEMETRY_URL": "http://200..17.87.161:8180",
  "TRANSACTION_TIME_TO_LIVE_MS": 100000,
  "TRANSACTION_STATUS_TIMEOUT_MS": 15000,
  "TRANSACTION_LIMITS": {
    "max_instruction_number": 4096,
    "max_wasm_size_bytes": 4194304
  },
  "ADD_TRANSACTION_NONCE": false
}
